type,pk_amount,seed,total_time,main_task_time,additional_task_time,mean_access_time,accesses_amount
LC,2,1000,15002,0,0,0.043976453222110884,332202.75
LC,2,1000,15000,0,0,0.046735294230173564,312980.75
LC,2,1000,15001,0,0,0.04563037924522891,320647.75
LC,2,1000,15000,0,3000,0.04726424048153163,309211.5
LC,2,1000,15000,0,3000,0.04649948503742721,314190.5
LC,2,1000,15001,0,3000,0.04651137368366304,314332.25
LC,2,1000,15000,0,6000,0.07453360697639752,198089.5
LC,2,1000,15001,0,6000,0.07306285495543291,202080.5
LC,2,1000,15001,0,6000,0.07533925134483227,196014.5
LC,2,1000,15000,0,9000,0.10373303821052784,143002.5
LC,2,1000,15001,0,9000,0.10309602203687604,143835.0
LC,2,1000,15001,0,9000,0.10451489539470693,142003.75
LC,2,1000,15000,0,12000,0.13116752128566092,113320.0
LC,2,1000,15001,0,12000,0.13085422346072462,113716.5
LC,2,1000,15001,0,12000,0.13282101500209773,111854.25
LC,2,1000,15000,0,15000,0.16495118071166293,90270.75
LC,2,1000,15000,0,15000,0.16457737324672167,90503.5
LC,2,1000,15001,0,15000,0.16237826965421184,91763.5
LC,2,1000,15000,0,18000,0.19220138366518696,77596.0
LC,2,1000,15001,0,18000,0.1909375360733289,78071.75
LC,2,1000,15001,0,18000,0.1892523775240029,78784.25
LC,2,1000,15000,0,21000,0.21567457313444294,69188.0
LC,2,1000,15001,0,21000,0.2184765919825668,68260.5
LC,2,1000,15001,0,21000,0.21599184756734843,69086.5
LC,2,1000,15000,3000,0,0.15498183036985386,96286.0
LC,2,1000,15000,3000,0,0.15509437234509985,96686.75
LC,2,1000,15000,3000,0,0.15452932806792902,96669.0
LC,2,1000,15001,3000,3000,0.1678828093642023,88709.25
LC,2,1000,15001,3000,3000,0.16969479432069293,87712.0
LC,2,1000,15001,3000,3000,0.1700259178847658,87694.0
LC,2,1000,15000,3000,6000,0.1695431111815306,87858.25
LC,2,1000,15000,3000,6000,0.16967462911336292,87840.25
LC,2,1000,15001,3000,6000,0.1693568491366139,87935.75
LC,2,1000,15001,3000,9000,0.17471132495630926,85275.25
LC,2,1000,15000,3000,9000,0.17608971529356676,84621.75
LC,2,1000,15000,3000,9000,0.17383690930299528,85710.0
LC,2,1000,15000,3000,12000,0.18282119872132377,81541.0
LC,2,1000,15000,3000,12000,0.18731184252163513,79561.25
LC,2,1000,15001,3000,12000,0.18394733629780552,81014.0
LC,2,1000,15000,3000,15000,0.2090787737554798,71325.0
LC,2,1000,15000,3000,15000,0.21033149203066104,70960.0
LC,2,1000,15001,3000,15000,0.21018041301196774,70962.25
LC,2,1000,15001,3000,18000,0.23803917607800523,62690.75
LC,2,1000,15000,3000,18000,0.23719529821597501,62951.0
LC,2,1000,15000,3000,18000,0.23347533806125004,63899.0
LC,2,1000,15001,3000,21000,0.2583169723045354,57762.75
LC,2,1000,15001,3000,21000,0.2543426144102962,58687.25
LC,2,1000,15000,3000,21000,0.27150572825571745,55006.75
LC,2,1000,15000,6000,0,0.2704294900161677,54192.5
LC,2,1000,15001,6000,0,0.2667569869951275,55505.25
LC,2,1000,15001,6000,0,0.26325043980906304,55901.75
LC,2,1000,15001,6000,3000,0.28703186051767654,52043.0
LC,2,1000,15001,6000,3000,0.2929696543624355,50996.75
LC,2,1000,15001,6000,3000,0.294044899334817,50812.0
LC,2,1000,15001,6000,6000,0.3086583402453223,48385.25
LC,2,1000,15001,6000,6000,0.30764520059461276,48550.25
LC,2,1000,15001,6000,6000,0.3093439068020021,48299.0
LC,2,1000,15001,6000,9000,0.3079622187305063,48529.5
LC,2,1000,15000,6000,9000,0.30434026311802526,49106.25
LC,2,1000,15000,6000,9000,0.30994285074618283,48213.0
LC,2,1000,15001,6000,12000,0.30507764459455367,48974.5
LC,2,1000,15001,6000,12000,0.3068074327619077,48689.5
LC,2,1000,15000,6000,12000,0.30502297254812527,49001.25
LC,2,1000,15001,6000,15000,0.30517478774260776,48961.5
LC,2,1000,15001,6000,15000,0.2998426110792085,49834.5
LC,2,1000,15001,6000,15000,0.3044525868116588,49062.75
LC,2,1000,15000,6000,18000,0.3013534886257121,49580.5
LC,2,1000,15001,6000,18000,0.2961807900934149,50417.75
LC,2,1000,15001,6000,18000,0.3032376075731778,49267.0
LC,2,1000,15001,6000,21000,0.3172213727578139,47096.25
LC,2,1000,15001,6000,21000,0.3230450080026308,46269.25
LC,2,1000,15000,6000,21000,0.31890664420452347,46862.5
LC,2,1000,15001,9000,0,0.44999162402818127,36114.25
LC,2,1000,15000,9000,0,0.39301756057665604,36465.0
LC,2,1000,15000,9000,0,0.4014623560696742,36207.25
LC,2,1000,15000,9000,3000,0.44748729842428286,33431.75
LC,2,1000,15001,9000,3000,0.45885942280944575,32609.75
LC,2,1000,15000,9000,3000,0.4668987141757341,32045.0
LC,2,1000,15001,9000,6000,0.4736835048828886,31591.25
LC,2,1000,15001,9000,6000,0.4673319635911512,32014.5
LC,2,1000,15001,9000,6000,0.445117388726227,33613.75
LC,2,1000,15001,9000,9000,0.47070081010808223,31779.25
LC,2,1000,15001,9000,9000,0.46600267934759376,32098.0
LC,2,1000,15001,9000,9000,0.464113567248031,32227.75
LC,2,1000,15000,9000,12000,0.4675606923558757,31990.0
LC,2,1000,15000,9000,12000,0.4643597164992182,32206.75
LC,2,1000,15000,9000,12000,0.4646776421503332,32192.75
LC,2,1000,15001,9000,15000,0.4563256197874079,32790.25
LC,2,1000,15001,9000,15000,0.4593743628021175,32556.25
LC,2,1000,15000,9000,15000,0.45317723510267427,33020.75
LC,2,1000,15001,9000,18000,0.44811358136621954,33377.75
LC,2,1000,15001,9000,18000,0.44404426418281767,33689.25
LC,2,1000,15001,9000,18000,0.44885581525680174,33335.0
LC,2,1000,15001,9000,21000,0.43558227033439634,34340.25
LC,2,1000,15001,9000,21000,0.43614965804967015,34298.5
LC,2,1000,15001,9000,21000,0.43397922874091316,34470.0
LC,2,1000,15000,12000,0,0.5803664910203026,26692.25
LC,2,1000,15000,12000,0,0.5651172418188632,27079.0
LC,2,1000,15000,12000,0,0.5664338798334609,26463.75
LC,2,1000,15000,12000,3000,0.6372258247795437,23491.75
LC,2,1000,15000,12000,3000,0.648098652366312,23098.25
LC,2,1000,15001,12000,3000,0.6499940278460392,23029.5
LC,2,1000,15001,12000,6000,0.6527270343050762,22938.0
LC,2,1000,15000,12000,6000,0.6587701688012932,22721.75
LC,2,1000,15001,12000,6000,0.6670118905247702,22445.0
LC,2,1000,15000,12000,9000,0.621019594058517,24094.25
LC,2,1000,15001,12000,9000,0.6410392783746055,23356.0
LC,2,1000,15001,12000,9000,0.6439486179235435,23242.25
LC,2,1000,15001,12000,12000,0.6448314783953251,23217.0
LC,2,1000,15001,12000,12000,0.6186841527220808,24189.25
LC,2,1000,15000,12000,12000,0.6216715844665233,24074.5
LC,2,1000,15000,12000,15000,0.6083080622383137,24601.5
LC,2,1000,15000,12000,15000,0.6141916563115359,24367.0
LC,2,1000,15001,12000,15000,0.6273090368517549,23866.25
LC,2,1000,15001,12000,18000,0.5970652383702884,25077.25
LC,2,1000,15001,12000,18000,0.6017756157076299,24872.75
LC,2,1000,15001,12000,18000,0.5894558268598702,25402.25
LC,2,1000,15001,12000,21000,0.5733396921803098,26108.25
LC,2,1000,15000,12000,21000,0.5831065417848436,25670.0
LC,2,1000,15000,12000,21000,0.5807703342266671,25775.25
LC,2,1000,15001,15000,0,0.8017837261007672,21151.75
LC,2,1000,15001,15000,0,0.6854991366234906,21009.25
LC,2,1000,15001,15000,0,0.7415026543742873,19942.25
LC,2,1000,15001,15000,3000,0.8378273409241445,17876.0
LC,2,1000,15000,15000,3000,0.8364539995788588,17905.75
LC,2,1000,15000,15000,3000,0.7629915836435923,19628.75
LC,2,1000,15001,15000,6000,0.8409747649600543,17803.75
LC,2,1000,15001,15000,6000,0.7855817674644856,19069.75
LC,2,1000,15000,15000,6000,0.8323170077488127,17993.75
LC,2,1000,15001,15000,9000,0.8753736038078466,17110.25
LC,2,1000,15001,15000,9000,0.8009729468762126,18696.75
LC,2,1000,15001,15000,9000,0.7973302693789357,18780.0
LC,2,1000,15001,15000,12000,0.8016929286156702,18680.0
LC,2,1000,15001,15000,12000,0.7760521974444922,19291.25
LC,2,1000,15001,15000,12000,0.745055374646249,20097.5
LC,2,1000,15001,15000,15000,0.7883224818551118,18991.0
LC,2,1000,15001,15000,15000,0.7861090733505937,19051.75
LC,2,1000,15001,15000,15000,0.7982461839208403,18756.75
LC,2,1000,15000,15000,18000,0.766712868846473,19529.25
LC,2,1000,15001,15000,18000,0.7706487059485037,19438.5
LC,2,1000,15001,15000,18000,0.7739376471706009,19347.75
LC,2,1000,15001,15000,21000,0.7540561128009227,19858.0
LC,2,1000,15001,15000,21000,0.7389572685408892,20258.0
LC,2,1000,15001,15000,21000,0.7574999759115946,19775.0
LC,2,1000,15000,18000,0,0.8944396400320413,17195.5
LC,2,1000,15001,18000,0,0.9234364367817459,16981.0
LC,2,1000,15001,18000,0,0.9329858528389472,17111.5
LC,2,1000,15001,18000,3000,0.9417488335344502,15904.0
LC,2,1000,15001,18000,3000,1.045891565991969,14323.0
LC,2,1000,15000,18000,3000,0.9866727700676756,15185.25
LC,2,1000,15000,18000,6000,1.0623171016428277,14101.5
LC,2,1000,15000,18000,6000,0.9942696835367687,15071.0
LC,2,1000,15000,18000,6000,1.0247552559167994,14623.75
LC,2,1000,15000,18000,9000,1.0401510254515367,14403.5
LC,2,1000,15001,18000,9000,0.9420247764180507,15903.25
LC,2,1000,15001,18000,9000,1.0653573777201846,14065.0
LC,2,1000,15000,18000,12000,0.9990662997228827,14993.25
LC,2,1000,15000,18000,12000,0.994861422043733,15060.0
LC,2,1000,15001,18000,12000,0.9896246142089532,15131.75
LC,2,1000,15001,18000,15000,0.9058703214704077,16532.5
LC,2,1000,15001,18000,15000,0.9302482871733201,16103.5
LC,2,1000,15001,18000,15000,0.982686531092035,15243.5
LC,2,1000,15001,18000,18000,0.947102337552832,15815.25
LC,2,1000,15001,18000,18000,0.9033713280232882,16582.0
LC,2,1000,15000,18000,18000,0.9214421807869738,16255.0
LC,2,1000,15001,18000,21000,0.9406831494902976,15920.5
LC,2,1000,15000,18000,21000,0.937184245137423,15982.0
LC,2,1000,15000,18000,21000,0.92921084870875,16117.75
LC,2,1000,15000,21000,0,1.1547050136942991,14898.25
LC,2,1000,15001,21000,0,1.0134796795130794,14676.25
LC,2,1000,15001,21000,0,0.9193352916920858,14882.5
LC,2,1000,15000,21000,3000,1.2101218244267284,12380.0
LC,2,1000,15000,21000,3000,1.1698645810479367,12805.25
LC,2,1000,15001,21000,3000,1.110347947897954,13491.5
LC,2,1000,15001,21000,6000,1.162188031460507,12894.0
LC,2,1000,15001,21000,6000,1.2737368754447504,11762.25
LC,2,1000,15001,21000,6000,1.2577201842343062,11915.75
LC,2,1000,15001,21000,9000,1.1427810480146057,13111.75
LC,2,1000,15001,21000,9000,1.2209596124475341,12273.75
LC,2,1000,15001,21000,9000,1.1248658404425775,13319.25
LC,2,1000,15000,21000,12000,1.0881248764699514,13769.25
LC,2,1000,15001,21000,12000,1.1401950764090212,13140.75
LC,2,1000,15001,21000,12000,1.1518149539071407,13011.0
LC,2,1000,15001,21000,15000,1.1540037809950328,12982.0
LC,2,1000,15001,21000,15000,1.1473511710710527,13059.75
LC,2,1000,15000,21000,15000,1.1527140152429463,12998.5
LC,2,1000,15001,21000,18000,1.0920441363269042,13719.25
LC,2,1000,15001,21000,18000,1.0968046682825743,13656.5
LC,2,1000,15001,21000,18000,1.1269537908649931,13292.5
LC,2,1000,15001,21000,21000,1.1053057303724976,13557.5
LC,2,1000,15001,21000,21000,1.0564035579357594,14183.5
LC,2,1000,15001,21000,21000,1.0851677852795034,13806.75
LC,300,1000,15064,0,0,8.78344033298396,1802.3883333333333
LC,300,1000,15066,0,0,9.189851104276638,1769.2366666666667
LC,300,1000,15059,0,0,9.09165249981084,1771.5666666666666
LC,300,1000,15065,0,3000,9.1076585511445,1648.4533333333334
LC,300,1000,15061,0,3000,9.086381379187413,1652.18
LC,300,1000,15068,0,3000,9.073449800892535,1654.82
LC,300,1000,15074,0,6000,9.528378381959648,1576.4383333333333
LC,300,1000,15074,0,6000,9.543744940934682,1574.0533333333333
LC,300,1000,15084,0,6000,9.52270176490347,1578.28
LC,300,1000,15091,0,9000,14.271471548505636,1056.9866666666667
LC,300,1000,15129,0,9000,14.447951437926804,1046.2433333333333
LC,300,1000,15060,0,9000,14.410472327172004,1045.21
LC,300,1000,15075,0,12000,17.414042251164997,866.615
LC,300,1000,15087,0,12000,17.406665195890852,867.0883333333334
LC,300,1000,15101,0,12000,17.427662206472778,867.2916666666666
LC,300,1000,15096,0,15000,20.226140749586115,747.83
LC,300,1000,15126,0,15000,20.02169808127197,756.165
LC,300,1000,15124,0,15000,19.972674909583464,757.505
LC,300,1000,15102,0,18000,22.778796792725178,663.755
LC,300,1000,15107,0,18000,22.77909673949711,664.14
LC,300,1000,15131,0,18000,22.602368187047965,669.9166666666666
LC,300,1000,15100,0,21000,25.328987122616724,598.1016666666667
LC,300,1000,15162,0,21000,25.2768701385984,600.4616666666667
LC,300,1000,15089,0,21000,25.216227514719524,599.95
LC,300,1000,15062,3000,0,22.865033573372028,2125.403409090909
LC,300,1000,15058,3000,0,23.3783597758097,2225.2280701754385
LC,300,1000,15057,3000,0,28.128415454734476,2077.3406593406594
LC,300,1000,15058,3000,3000,27.18930342700565,551.795
LC,300,1000,15065,3000,3000,27.569631261661822,544.42
LC,300,1000,15062,3000,3000,27.509782756420584,545.8433333333334
LC,300,1000,15061,3000,6000,28.967858558683215,517.87
LC,300,1000,15057,3000,6000,29.033452143226743,516.665
LC,300,1000,15066,3000,6000,28.88959295610796,519.81
LC,300,1000,15068,3000,9000,30.04254592585788,499.9066666666667
LC,300,1000,15063,3000,9000,30.10209639483294,498.8383333333333
LC,300,1000,15063,3000,9000,29.97566732088874,500.95
LC,300,1000,15072,3000,12000,31.254244399909282,480.42333333333335
LC,300,1000,15067,3000,12000,31.055477640976065,483.505
LC,300,1000,15064,3000,12000,31.24224191223181,480.72
LC,300,1000,15068,3000,15000,32.21897988643967,465.93
LC,300,1000,15067,3000,15000,32.3140422105939,464.40833333333336
LC,300,1000,15062,3000,15000,32.07839211021605,467.93
LC,300,1000,15066,3000,18000,32.69711443164541,459.295
LC,300,1000,15070,3000,18000,32.70338810100223,459.12
LC,300,1000,15070,3000,18000,32.733276918780334,458.7316666666667
LC,300,1000,15070,3000,21000,33.31223019859472,450.8383333333333
LC,300,1000,15073,3000,21000,33.46070020229954,448.81666666666666
LC,300,1000,15067,3000,21000,33.27568665119401,451.105
LC,300,1000,15058,6000,0,9.712862947157612,2825.4545454545455
LC,300,1000,15065,6000,0,6.016639818318352,3217.3823529411766
LC,300,1000,15060,6000,0,204.3024334409938,2860.2987012987014
LC,300,1000,15061,6000,3000,46.0529206859509,325.76
LC,300,1000,15058,6000,3000,47.70047757953948,314.465
LC,300,1000,15071,6000,3000,48.30281926287478,310.5783333333333
LC,300,1000,15061,6000,6000,49.55883542905707,302.8016666666667
LC,300,1000,15061,6000,6000,49.30871726752371,304.315
LC,300,1000,15059,6000,6000,49.8698619536119,300.7316666666667
LC,300,1000,15075,6000,9000,51.0057192352759,294.185
LC,300,1000,15061,6000,9000,51.1421517619132,293.2683333333333
LC,300,1000,15061,6000,9000,51.16900431607069,293.03333333333336
LC,300,1000,15061,6000,12000,52.45040597468433,286.1166666666667
LC,300,1000,15073,6000,12000,52.75633869758355,284.41833333333335
LC,300,1000,15064,6000,12000,52.49007376411771,285.8283333333333
LC,300,1000,15060,6000,15000,53.98022090387891,278.11333333333334
LC,300,1000,15071,6000,15000,53.756255252009744,279.09
LC,300,1000,15072,6000,15000,53.91404241347354,278.4033333333333
LC,300,1000,15062,6000,18000,55.3374859973675,271.17833333333334
LC,300,1000,15064,6000,18000,55.24386876450806,271.56666666666666
LC,300,1000,15069,6000,18000,55.29654898920862,271.335
LC,300,1000,15072,6000,21000,56.0402195452224,267.60333333333335
LC,300,1000,15064,6000,21000,55.88852050236425,268.49333333333334
LC,300,1000,15059,6000,21000,56.39265686783367,265.8833333333333
LC,300,1000,15073,9000,0,275.8286089377808,2499.5438596491226
LC,300,1000,15068,9000,0,8.703236083533444,2783.1176470588234
LC,300,1000,15057,9000,0,88.08351567127569,2872.764705882353
LC,300,1000,15059,9000,3000,80.90887737670359,185.31
LC,300,1000,15093,9000,3000,85.371884249336,175.45833333333334
LC,300,1000,15071,9000,3000,86.7502542782902,172.61
LC,300,1000,15061,9000,6000,84.77776279669243,176.86833333333334
LC,300,1000,15070,9000,6000,84.83136495564135,176.63333333333333
LC,300,1000,15088,9000,6000,83.6220891501913,179.06833333333333
LC,300,1000,15061,9000,9000,83.20932573168515,179.92666666666668
LC,300,1000,15065,9000,9000,81.97554386279985,182.985
LC,300,1000,15071,9000,9000,79.26947240588423,189.21166666666667
LC,300,1000,15084,9000,12000,84.22735464332821,177.805
LC,300,1000,15066,9000,12000,83.99163075759009,178.39333333333335
LC,300,1000,15063,9000,12000,83.12910604474295,180.42
LC,300,1000,15085,9000,15000,82.41403802178165,182.02166666666668
LC,300,1000,15076,9000,15000,82.65537836865168,181.28666666666666
LC,300,1000,15064,9000,15000,82.11111578514404,182.65
LC,300,1000,15063,9000,18000,83.96270789237647,178.605
LC,300,1000,15090,9000,18000,83.14873332201165,180.19833333333332
LC,300,1000,15066,9000,18000,83.77035279853436,178.8
LC,300,1000,15062,9000,21000,83.66622903054913,179.21333333333334
LC,300,1000,15076,9000,21000,84.64191468211534,177.365
LC,300,1000,15081,9000,21000,83.95526994101408,178.555
LC,300,1000,15057,12000,0,37.77968163279859,2341.733333333333
LC,300,1000,15060,12000,0,110.36054041785779,2492.4146341463415
LC,300,1000,15067,12000,0,19.262340403294854,2312.195652173913
LC,300,1000,15088,12000,3000,118.28421732418981,126.69833333333334
LC,300,1000,15073,12000,3000,116.9534014322755,127.91666666666667
LC,300,1000,15059,12000,3000,117.33054889946148,127.55833333333334
LC,300,1000,15077,12000,6000,117.27686528113163,127.75833333333334
LC,300,1000,15086,12000,6000,115.59636247734656,129.62666666666667
LC,300,1000,15076,12000,6000,116.1878545958074,128.87666666666667
LC,300,1000,15059,12000,9000,114.9943977832321,130.20833333333334
LC,300,1000,15079,12000,9000,111.03283717352377,134.965
LC,300,1000,15084,12000,9000,104.8497934267662,142.84333333333333
LC,300,1000,15072,12000,12000,115.67308482894198,129.385
LC,300,1000,15061,12000,12000,112.13810191051071,133.59666666666666
LC,300,1000,15085,12000,12000,112.95844429099391,132.71
LC,300,1000,15087,12000,15000,114.262136870886,131.02833333333334
LC,300,1000,15063,12000,15000,115.7909051657303,129.165
LC,300,1000,15064,12000,15000,114.570889879873,130.78166666666667
LC,300,1000,15088,12000,18000,114.36201233158087,130.91
LC,300,1000,15078,12000,18000,112.23800396629018,133.36333333333334
LC,300,1000,15064,12000,18000,113.78832734687383,131.61166666666668
LC,300,1000,15069,12000,21000,112.87751278596052,132.68666666666667
LC,300,1000,15083,12000,21000,112.37239247314487,133.36666666666667
LC,300,1000,15074,12000,21000,112.46512199515313,133.01666666666668
LC,300,1000,15060,15000,0,19.842082115878302,1784.5833333333333
LC,300,1000,15077,15000,0,9.797363845869844,2351.0857142857144
LC,300,1000,15075,15000,0,80.27977775587226,2944.4444444444443
LC,300,1000,15075,15000,3000,149.39461107316615,100.08666666666667
LC,300,1000,15057,15000,3000,156.49571621239832,95.45333333333333
LC,300,1000,15083,15000,3000,150.71995704024025,99.22
LC,300,1000,15087,15000,6000,154.78442834846112,96.70166666666667
LC,300,1000,15079,15000,6000,145.84722401022893,102.475
LC,300,1000,15059,15000,6000,151.02314954983763,99.03333333333333
LC,300,1000,15076,15000,9000,152.27062119233065,98.32666666666667
LC,300,1000,15086,15000,9000,143.1913924185343,104.50666666666666
LC,300,1000,15075,15000,9000,147.13997997535662,101.49833333333333
LC,300,1000,15063,15000,12000,146.14621372561956,102.36666666666666
LC,300,1000,15084,15000,12000,147.35382427929454,101.65666666666667
LC,300,1000,15089,15000,12000,144.88702290185452,103.16166666666666
LC,300,1000,15073,15000,15000,143.31945301584892,104.25666666666666
LC,300,1000,15062,15000,15000,148.07662140890474,100.95666666666666
LC,300,1000,15073,15000,15000,146.06238917940888,102.58333333333333
LC,300,1000,15083,15000,18000,145.30476118354755,103.00833333333334
LC,300,1000,15074,15000,18000,146.16910679839455,102.33833333333334
LC,300,1000,15060,15000,18000,144.00740751187067,103.81
LC,300,1000,15086,15000,21000,143.92860101612501,103.965
LC,300,1000,15087,15000,21000,144.9808442944886,103.21166666666667
LC,300,1000,15065,15000,21000,141.85898209968127,105.40666666666667
LC,300,1000,15067,18000,0,492.8093644012838,2156.7419354838707
LC,300,1000,15075,18000,0,8.150773596366246,2616.6
LC,300,1000,15073,18000,0,18.248063217861837,2048.4848484848485
LC,300,1000,15066,18000,3000,181.39924326807812,82.18666666666667
LC,300,1000,15066,18000,3000,186.0299914433987,80.31
LC,300,1000,15083,18000,3000,180.4459769249849,82.73166666666667
LC,300,1000,15086,18000,6000,181.79538971661484,82.23
LC,300,1000,15077,18000,6000,185.74855243776975,80.29166666666667
LC,300,1000,15066,18000,6000,186.2264062970059,80.14333333333333
LC,300,1000,15073,18000,9000,173.8771681529133,85.85333333333334
LC,300,1000,15082,18000,9000,181.86881942382166,82.16666666666667
LC,300,1000,15085,18000,9000,178.8889400791526,83.50833333333334
LC,300,1000,15068,18000,12000,179.4153906162328,83.10833333333333
LC,300,1000,15072,18000,12000,179.04601826097957,83.39333333333333
LC,300,1000,15085,18000,12000,175.15401829637713,85.34666666666666
LC,300,1000,15084,18000,15000,178.07839931225126,83.905
LC,300,1000,15064,18000,15000,180.77339160670385,82.54166666666667
LC,300,1000,15076,18000,15000,173.89570888787046,85.945
LC,300,1000,15081,18000,18000,171.49273105957798,87.19666666666667
LC,300,1000,15082,18000,18000,171.76142135429362,86.965
LC,300,1000,15066,18000,18000,176.64947426045418,84.47833333333334
LC,300,1000,15076,18000,21000,176.86452970837593,84.46166666666667
LC,300,1000,15087,18000,21000,176.38296483623537,84.76
LC,300,1000,15080,18000,21000,173.83417327186683,85.87
LC,300,1000,15060,21000,0,25.35571110436042,1757.71875
LC,300,1000,15066,21000,0,18.465039460724732,1780.8529411764705
LC,300,1000,15075,21000,0,8.372722953009003,1901.3333333333333
LC,300,1000,15088,21000,3000,215.9466179546732,69.04333333333334
LC,300,1000,15078,21000,3000,217.11982694275915,68.69333333333333
LC,300,1000,15058,21000,3000,207.086663741206,71.91
LC,300,1000,15083,21000,6000,213.36748801383177,70.035
LC,300,1000,15084,21000,6000,218.4766720149167,68.35666666666667
LC,300,1000,15084,21000,6000,215.27567842319618,69.265
LC,300,1000,15071,21000,9000,214.4584421780279,69.5
LC,300,1000,15067,21000,9000,218.1603504871228,68.33833333333334
LC,300,1000,15081,21000,9000,212.79544337618117,70.19833333333334
LC,300,1000,15079,21000,12000,213.20118916158825,70.035
LC,300,1000,15076,21000,12000,207.14972106479763,72.04166666666667
LC,300,1000,15062,21000,12000,209.00007558313183,71.36666666666666
LC,300,1000,15082,21000,15000,209.3760591524382,71.23833333333333
LC,300,1000,15092,21000,15000,208.9199864851346,71.38166666666666
LC,300,1000,15075,21000,15000,199.54689210013157,74.845
LC,300,1000,15065,21000,18000,203.6999902349636,73.255
LC,300,1000,15085,21000,18000,203.49936760282137,73.40833333333333
LC,300,1000,15087,21000,18000,204.74159181407714,72.93166666666667
LC,300,1000,15073,21000,21000,209.44415526639435,71.26666666666667
LC,300,1000,15070,21000,21000,206.8137577895391,72.16833333333334
LC,300,1000,15079,21000,21000,204.1489370233808,73.11666666666666
AO,2,1000,15002,0,0,0.023209964302466232,641676.25
AO,2,1000,15001,0,0,0.023312295999514183,639492.0
AO,2,1000,15001,0,0,0.022509436596875036,662544.75
AO,2,1000,15001,0,3000,0.03708160965421348,403307.0
AO,2,1000,15001,0,3000,0.036154854540196776,413996.25
AO,2,1000,15000,0,3000,0.03659073871143747,409050.5
AO,2,1000,15000,0,6000,0.06245999647095829,239842.25
AO,2,1000,15001,0,6000,0.06060910392532435,247172.25
AO,2,1000,15000,0,6000,0.06207496720452776,241244.5
AO,2,1000,15001,0,9000,0.08706239350621409,172172.75
AO,2,1000,15001,0,9000,0.08761498863590153,171049.25
AO,2,1000,15000,0,9000,0.08706193095720358,172188.5
AO,2,1000,15001,0,12000,0.11214991821071597,133672.5
AO,2,1000,15000,0,12000,0.11474455146532579,130658.25
AO,2,1000,15000,0,12000,0.11351118177089431,132053.25
AO,2,1000,15001,0,15000,0.13790207879678795,108720.5
AO,2,1000,15001,0,15000,0.1378594166943082,108752.0
AO,2,1000,15000,0,15000,0.13941705412929026,107537.25
AO,2,1000,15001,0,18000,0.16229813734245796,92380.75
AO,2,1000,15001,0,18000,0.16342538912865395,91724.0
AO,2,1000,15000,0,18000,0.1651578903440422,90769.25
AO,2,1000,15001,0,21000,0.18917918995720445,79265.5
AO,2,1000,15001,0,21000,0.18832513808473827,79620.25
AO,2,1000,15000,0,21000,0.18777585793224238,79851.5
AO,2,1000,15001,3000,0,0.11199340174715353,133845.0
AO,2,1000,15001,3000,0,0.11033125784653318,135850.0
AO,2,1000,15000,3000,0,0.11017025214038305,136066.75
AO,2,1000,15000,3000,3000,0.11469326428927451,130648.5
AO,2,1000,15000,3000,3000,0.11654396651782788,128602.25
AO,2,1000,15001,3000,3000,0.11774840087891265,127269.25
AO,2,1000,15001,3000,6000,0.11735009558050646,127714.0
AO,2,1000,15001,3000,6000,0.11749312519052685,127511.75
AO,2,1000,15000,3000,6000,0.11619827137565687,128967.5
AO,2,1000,15001,3000,9000,0.12559404603566712,119341.5
AO,2,1000,15001,3000,9000,0.1273637786303249,117665.25
AO,2,1000,15000,3000,9000,0.12267906055658778,122176.0
AO,2,1000,15000,3000,12000,0.13885638701312447,107972.0
AO,2,1000,15000,3000,12000,0.14239556560876182,105306.75
AO,2,1000,15001,3000,12000,0.13854696066086186,108192.25
AO,2,1000,15000,3000,15000,0.16026428664148465,93519.5
AO,2,1000,15001,3000,15000,0.1558150575963354,96213.0
AO,2,1000,15001,3000,15000,0.15489398595983542,96783.5
AO,2,1000,15000,3000,18000,0.1717255557099404,87316.0
AO,2,1000,15001,3000,18000,0.17605405210157626,85166.0
AO,2,1000,15001,3000,18000,0.17519671829066016,85585.25
AO,2,1000,15000,3000,21000,0.19518609501652998,76817.25
AO,2,1000,15001,3000,21000,0.1984890860016854,75535.5
AO,2,1000,15000,3000,21000,0.1917022809012079,78211.75
AO,2,1000,15000,6000,0,0.1939745568604944,77288.5
AO,2,1000,15000,6000,0,0.19460074364596133,77056.5
AO,2,1000,15001,6000,0,0.193022833072763,77674.75
AO,2,1000,15001,6000,3000,0.1954603098112978,76720.25
AO,2,1000,15000,6000,3000,0.19609726163718838,76454.5
AO,2,1000,15000,6000,3000,0.19845675379154462,75546.75
AO,2,1000,15000,6000,6000,0.19979151777285725,75044.5
AO,2,1000,15000,6000,6000,0.20016578994248546,74906.75
AO,2,1000,15000,6000,6000,0.20040537072601045,74818.5
AO,2,1000,15001,6000,9000,0.20443144639768393,73353.5
AO,2,1000,15000,6000,9000,0.2032803966975585,73756.5
AO,2,1000,15000,6000,9000,0.20195894387849042,74224.25
AO,2,1000,15000,6000,12000,0.2040814281963645,73467.0
AO,2,1000,15001,6000,12000,0.20579720679748673,72857.0
AO,2,1000,15001,6000,12000,0.2083844237245839,71954.0
AO,2,1000,15000,6000,15000,0.21490661555394172,69769.25
AO,2,1000,15001,6000,15000,0.21684112746452078,69154.0
AO,2,1000,15000,6000,15000,0.21454274304390852,69887.5
AO,2,1000,15001,6000,18000,0.22206331815177405,67516.75
AO,2,1000,15001,6000,18000,0.2282031010909528,65719.5
AO,2,1000,15000,6000,18000,0.22365344075629293,67052.75
AO,2,1000,15000,6000,21000,0.2375961176380888,63102.5
AO,2,1000,15001,6000,21000,0.2332896156614585,64283.0
AO,2,1000,15001,6000,21000,0.23435451271871036,63998.75
AO,2,1000,15000,9000,0,0.2826677969388858,53042.0
AO,2,1000,15000,9000,0,0.28130683333726514,53298.75
AO,2,1000,15001,9000,0,0.2829754640454374,52980.75
AO,2,1000,15001,9000,3000,0.28470877407215117,52662.75
AO,2,1000,15001,9000,3000,0.2828877506181644,53010.5
AO,2,1000,15000,9000,3000,0.2816887026619313,53229.0
AO,2,1000,15000,9000,6000,0.2839575850290836,52809.0
AO,2,1000,15001,9000,6000,0.2816499974941252,53239.0
AO,2,1000,15001,9000,6000,0.2818430580587919,53194.5
AO,2,1000,15003,9000,9000,0.2851909399745974,52583.25
AO,2,1000,15000,9000,9000,0.2876400076022522,52133.75
AO,2,1000,15001,9000,9000,0.2858914416457027,52450.0
AO,2,1000,15001,9000,12000,0.28420661871649927,52762.75
AO,2,1000,15000,9000,12000,0.2860904826626434,52408.25
AO,2,1000,15000,9000,12000,0.2854277800939163,52530.0
AO,2,1000,15001,9000,15000,0.2902689910758048,51651.25
AO,2,1000,15001,9000,15000,0.28773319402077024,52122.25
AO,2,1000,15001,9000,15000,0.28973515803448097,51752.5
AO,2,1000,15000,9000,18000,0.2903402588070098,51643.75
AO,2,1000,15000,9000,18000,0.2895346194226826,51785.75
AO,2,1000,15001,9000,18000,0.2912369235996667,51488.25
AO,2,1000,15001,9000,21000,0.30316259151182895,49462.25
AO,2,1000,15001,9000,21000,0.3080494170881292,48677.75
AO,2,1000,15001,9000,21000,0.30836936226697415,48631.0
AO,2,1000,15001,12000,0,0.3674109477475662,40810.0
AO,2,1000,15000,12000,0,0.37128588400257373,40388.75
AO,2,1000,15000,12000,0,0.3719114828410689,40320.75
AO,2,1000,15000,12000,3000,0.369499645605064,40582.75
AO,2,1000,15000,12000,3000,0.3687834343402712,40660.75
AO,2,1000,15000,12000,3000,0.3674046272283125,40814.0
AO,2,1000,15000,12000,6000,0.3701510477871676,40517.25
AO,2,1000,15001,12000,6000,0.3683471719612302,40715.0
AO,2,1000,15001,12000,6000,0.37831365343778445,39635.25
AO,2,1000,15000,12000,9000,0.37034845138346884,40496.5
AO,2,1000,15000,12000,9000,0.36759117553015724,40791.25
AO,2,1000,15000,12000,9000,0.3763843845902807,39839.75
AO,2,1000,15000,12000,12000,0.37131859104177223,40387.5
AO,2,1000,15001,12000,12000,0.37241427944213146,40267.0
AO,2,1000,15001,12000,12000,0.37286709671716234,40221.5
AO,2,1000,15001,12000,15000,0.3713477064527064,40379.5
AO,2,1000,15001,12000,15000,0.3745285495607849,40037.75
AO,2,1000,15000,12000,15000,0.37051478478528926,40469.5
AO,2,1000,15001,12000,18000,0.37492056634450155,39993.25
AO,2,1000,15001,12000,18000,0.36990667510204395,40538.75
AO,2,1000,15001,12000,18000,0.3769713747975636,39781.75
AO,2,1000,15000,12000,21000,0.3771246340980037,39758.75
AO,2,1000,15000,12000,21000,0.37996917529197216,39462.5
AO,2,1000,15000,12000,21000,0.3793391683712135,39528.75
AO,2,1000,15001,15000,0,0.4566139104642279,32841.25
AO,2,1000,15001,15000,0,0.4565265696588112,32850.25
AO,2,1000,15001,15000,0,0.4533538337447639,33078.5
AO,2,1000,15001,15000,3000,0.4551949589376891,32948.0
AO,2,1000,15001,15000,3000,0.4522361679980307,33160.25
AO,2,1000,15001,15000,3000,0.4509825672935116,33250.75
AO,2,1000,15000,15000,6000,0.4582558557849588,32724.75
AO,2,1000,15000,15000,6000,0.4527399435399905,33121.75
AO,2,1000,15000,15000,6000,0.4614934181289888,32494.0
AO,2,1000,15000,15000,9000,0.46041565481578206,32575.5
AO,2,1000,15001,15000,9000,0.4575339513904851,32775.75
AO,2,1000,15001,15000,9000,0.4597689094661973,32620.25
AO,2,1000,15001,15000,12000,0.4522942555166809,33160.5
AO,2,1000,15000,15000,12000,0.4571202365964303,32803.75
AO,2,1000,15000,15000,12000,0.4540266331062864,33026.25
AO,2,1000,15000,15000,15000,0.4560751891073086,32879.0
AO,2,1000,15001,15000,15000,0.45894480749012445,32678.25
AO,2,1000,15001,15000,15000,0.4602755998286536,32580.5
AO,2,1000,15001,15000,18000,0.45951080606888084,32633.25
AO,2,1000,15001,15000,18000,0.46340548915829455,32361.75
AO,2,1000,15001,15000,18000,0.46287574647253327,32397.5
AO,2,1000,15001,15000,21000,0.46141014558341975,32501.5
AO,2,1000,15001,15000,21000,0.45781033574240776,32757.25
AO,2,1000,15001,15000,21000,0.45536305884594186,32931.5
AO,2,1000,15000,18000,0,0.538969107135608,27826.75
AO,2,1000,15000,18000,0,0.5396698946458438,27788.75
AO,2,1000,15000,18000,0,0.5385837530326284,27845.75
AO,2,1000,15000,18000,3000,0.5397734795732505,27785.75
AO,2,1000,15000,18000,3000,0.538839210041129,27831.75
AO,2,1000,15001,18000,3000,0.5465558868715729,27441.0
AO,2,1000,15001,18000,6000,0.5396669509752668,27789.5
AO,2,1000,15001,18000,6000,0.5423315123451387,27653.75
AO,2,1000,15001,18000,6000,0.5391327291931186,27819.5
AO,2,1000,15001,18000,9000,0.5393408651609299,27805.25
AO,2,1000,15000,18000,9000,0.5430673937505663,27618.5
AO,2,1000,15001,18000,9000,0.540164116779347,27764.25
AO,2,1000,15000,18000,12000,0.5517409655193328,27180.5
AO,2,1000,15001,18000,12000,0.5473340587998791,27401.5
AO,2,1000,15001,18000,12000,0.5410221248048745,27717.5
AO,2,1000,15000,18000,15000,0.5562196608164005,26957.0
AO,2,1000,15000,18000,15000,0.5451233969240865,27510.75
AO,2,1000,15000,18000,15000,0.5481812184389295,27355.5
AO,2,1000,15001,18000,18000,0.5484943179007189,27341.25
AO,2,1000,15001,18000,18000,0.5470428812718802,27411.5
AO,2,1000,15001,18000,18000,0.5485520082105915,27340.0
AO,2,1000,15001,18000,21000,0.5417255471471049,27686.25
AO,2,1000,15000,18000,21000,0.5408703528163433,27728.0
AO,2,1000,15000,18000,21000,0.5476681897642575,27384.75
AO,2,1000,15000,21000,0,0.6318535711770233,23734.75
AO,2,1000,15000,21000,0,0.6242372374760119,24025.0
AO,2,1000,15000,21000,0,0.6280819558611772,23878.75
AO,2,1000,15000,21000,3000,0.6325144295474358,23711.75
AO,2,1000,15001,21000,3000,0.6302195094349562,23798.5
AO,2,1000,15000,21000,3000,0.6310016489589502,23769.0
AO,2,1000,15001,21000,6000,0.6313363304706666,23756.0
AO,2,1000,15001,21000,6000,0.6286215540274662,23859.25
AO,2,1000,15001,21000,6000,0.6330992126894264,23690.25
AO,2,1000,15001,21000,9000,0.6298791895491741,23807.75
AO,2,1000,15001,21000,9000,0.6250715969723976,23992.5
AO,2,1000,15001,21000,9000,0.6297421863118446,23815.75
AO,2,1000,15001,21000,12000,0.6314471781188993,23751.0
AO,2,1000,15000,21000,12000,0.6285531946970226,23860.75
AO,2,1000,15000,21000,12000,0.6274896427664003,23899.75
AO,2,1000,15000,21000,15000,0.6286147257782185,23859.0
AO,2,1000,15001,21000,15000,0.6266861095072775,23934.75
AO,2,1000,15001,21000,15000,0.6346278002952157,23629.25
AO,2,1000,15001,21000,18000,0.6310790426029859,23764.25
AO,2,1000,15001,21000,18000,0.6260771302011499,23955.75
AO,2,1000,15001,21000,18000,0.6357759887594812,23588.75
AO,2,1000,15001,21000,21000,0.6339373399161331,23654.25
AO,2,1000,15001,21000,21000,0.6287918825901984,23852.75
AO,2,1000,15001,21000,21000,0.6286968022002267,23853.75
AO,300,1000,15065,0,0,3.7493302744645023,4008.1383333333333
AO,300,1000,15065,0,0,3.5956894380561084,4179.235
AO,300,1000,15065,0,0,3.346373108916342,4492.24
AO,300,1000,15100,0,3000,4.624054095375549,3255.075
AO,300,1000,15079,0,3000,4.648863776451024,3236.04
AO,300,1000,15098,0,3000,4.554404745586021,3306.6783333333333
AO,300,1000,15093,0,6000,5.60144425952807,2687.98
AO,300,1000,15223,0,6000,5.617583382267119,2698.89
AO,300,1000,15088,0,6000,5.707881235663212,2636.2066666666665
AO,300,1000,15173,0,9000,7.763811610270018,1946.7883333333334
AO,300,1000,15265,0,9000,7.954142566979834,1909.6283333333333
AO,300,1000,15111,0,9000,7.9264622942787275,1900.0733333333333
AO,300,1000,15168,0,12000,10.027271625948437,1505.5283333333334
AO,300,1000,15153,0,12000,10.119130589879347,1490.9033333333334
AO,300,1000,15181,0,12000,10.0666428775777,1501.2883333333334
AO,300,1000,15120,0,15000,12.36803809403451,1217.9683333333332
AO,300,1000,15238,0,15000,12.343529198408278,1225.9466666666667
AO,300,1000,15134,0,15000,12.332163095321894,1222.4866666666667
AO,300,1000,15226,0,18000,14.613155626517353,1035.1783333333333
AO,300,1000,15127,0,18000,14.5921704802524,1032.8216666666667
AO,300,1000,15170,0,18000,14.558794624886747,1037.1416666666667
AO,300,1000,15337,0,21000,16.991256833544494,896.0966666666667
AO,300,1000,15157,0,21000,16.843493454904436,896.3083333333333
AO,300,1000,15207,0,21000,16.921545468090866,893.8216666666667
AO,300,1000,15051,3000,0,16.877472488576633,889.8
AO,300,1000,15051,3000,0,16.806607552721818,893.8016666666666
AO,300,1000,15047,3000,0,16.564802285775563,906.6833333333333
AO,300,1000,15049,3000,3000,17.361387504042092,864.6716666666666
AO,300,1000,15054,3000,3000,17.33701012495256,866.5583333333333
AO,300,1000,15056,3000,3000,17.108767831075657,877.79
AO,300,1000,15054,3000,6000,18.379699659580115,817.1833333333333
AO,300,1000,15054,3000,6000,18.472747788522582,813.17
AO,300,1000,15056,3000,6000,18.28881711940895,821.56
AO,300,1000,15065,3000,9000,18.865484724598847,796.8
AO,300,1000,15054,3000,9000,18.992233438240987,790.9
AO,300,1000,15058,3000,9000,18.99550044454972,791.0366666666666
AO,300,1000,15079,3000,12000,20.467263126256892,734.9883333333333
AO,300,1000,15062,3000,12000,20.136526872737736,745.7816666666666
AO,300,1000,15062,3000,12000,20.423224474725785,735.3933333333333
AO,300,1000,15096,3000,15000,21.705851264489752,693.3333333333334
AO,300,1000,15092,3000,15000,21.733403277419928,692.0083333333333
AO,300,1000,15072,3000,15000,21.835840221160197,688.3616666666667
AO,300,1000,15110,3000,18000,23.22150454077169,648.3966666666666
AO,300,1000,15078,3000,18000,23.12478953972152,650.415
AO,300,1000,15072,3000,18000,23.04646825732479,652.24
AO,300,1000,15104,3000,21000,24.446388249966972,615.215
AO,300,1000,15090,3000,21000,24.481021023022773,614.43
AO,300,1000,15088,3000,21000,24.487595068668053,614.455
AO,300,1000,15048,6000,0,29.839002380438384,503.1483333333333
AO,300,1000,15049,6000,0,29.447652022539756,509.71666666666664
AO,300,1000,15048,6000,0,29.857242259947544,502.82666666666665
AO,300,1000,15052,6000,3000,29.442917300177506,509.70666666666665
AO,300,1000,15051,6000,3000,29.991037058113026,500.63
AO,300,1000,15054,6000,3000,29.92513006393275,501.68
AO,300,1000,15051,6000,6000,30.466353262959135,492.87833333333333
AO,300,1000,15050,6000,6000,30.397284933425464,493.92
AO,300,1000,15053,6000,6000,30.244891130386076,496.5133333333333
AO,300,1000,15054,6000,9000,30.761399924537056,488.065
AO,300,1000,15052,6000,9000,31.44699435667179,477.5183333333333
AO,300,1000,15056,6000,9000,31.186618682668286,481.47833333333335
AO,300,1000,15059,6000,12000,31.877271659832108,471.135
AO,300,1000,15068,6000,12000,31.89486499203113,470.835
AO,300,1000,15059,6000,12000,32.01819258221977,468.8433333333333
AO,300,1000,15057,6000,15000,32.78310788961779,458.0083333333333
AO,300,1000,15077,6000,15000,32.666227360377526,460.31166666666667
AO,300,1000,15062,6000,15000,32.425604812284725,463.13
AO,300,1000,15072,6000,18000,33.342987235911224,450.66
AO,300,1000,15063,6000,18000,33.30258646526229,450.87
AO,300,1000,15074,6000,18000,33.11848169312807,453.5283333333333
AO,300,1000,15067,6000,21000,35.2042346318761,426.545
AO,300,1000,15062,6000,21000,34.84993841403314,431.06666666666666
AO,300,1000,15098,6000,21000,34.76565254125648,432.58166666666665
AO,300,1000,15051,9000,0,42.50656248258156,353.0683333333333
AO,300,1000,15045,9000,0,42.09851342805423,356.31
AO,300,1000,15046,9000,0,42.46764358070615,353.375
AO,300,1000,15054,9000,3000,42.399234951034124,353.86833333333334
AO,300,1000,15053,9000,3000,42.10681839871808,356.46666666666664
AO,300,1000,15052,9000,3000,42.41692000270745,353.7216666666667
AO,300,1000,15049,9000,6000,42.56371199567631,352.475
AO,300,1000,15050,9000,6000,43.18232053030659,347.5083333333333
AO,300,1000,15055,9000,6000,42.52200207822546,352.88666666666666
AO,300,1000,15056,9000,9000,43.071850777605974,348.475
AO,300,1000,15051,9000,9000,43.69211398832338,343.5233333333333
AO,300,1000,15048,9000,9000,44.03224841246739,340.685
AO,300,1000,15069,9000,12000,43.599106419290656,344.42
AO,300,1000,15057,9000,12000,43.586832452302225,344.38166666666666
AO,300,1000,15057,9000,12000,43.55420072082969,344.5566666666667
AO,300,1000,15057,9000,15000,45.71636527101659,328.21
AO,300,1000,15061,9000,15000,44.5497064962789,336.87
AO,300,1000,15060,9000,15000,44.551438996177964,336.6983333333333
AO,300,1000,15060,9000,18000,45.499459507846424,329.935
AO,300,1000,15104,9000,18000,45.744173042155765,328.9
AO,300,1000,15065,9000,18000,44.5749005684577,336.82
AO,300,1000,15067,9000,21000,46.33653280858826,323.9316666666667
AO,300,1000,15094,9000,21000,45.43630179162353,330.76
AO,300,1000,15085,9000,21000,45.846658682904355,327.78
AO,300,1000,15047,12000,0,56.03942940353985,267.68
AO,300,1000,15046,12000,0,55.20667518197079,271.655
AO,300,1000,15052,12000,0,56.332545308099455,266.245
AO,300,1000,15049,12000,3000,55.56203037185415,269.9266666666667
AO,300,1000,15050,12000,3000,54.92156353881317,273.06333333333333
AO,300,1000,15046,12000,3000,55.705612482466904,269.26666666666665
AO,300,1000,15051,12000,6000,56.556090598755134,265.215
AO,300,1000,15053,12000,6000,56.095184510510514,267.46166666666664
AO,300,1000,15049,12000,6000,56.03010802552397,267.72333333333336
AO,300,1000,15053,12000,9000,55.35061217782153,271.0083333333333
AO,300,1000,15048,12000,9000,55.999953447532185,267.85833333333335
AO,300,1000,15053,12000,9000,56.29431083624046,266.495
AO,300,1000,15062,12000,12000,56.76320623902862,264.345
AO,300,1000,15059,12000,12000,56.835615301557944,264.0466666666667
AO,300,1000,15055,12000,12000,55.6600834832738,269.5083333333333
AO,300,1000,15051,12000,15000,56.705676368509906,264.5083333333333
AO,300,1000,15058,12000,15000,55.907876203113894,268.35333333333335
AO,300,1000,15066,12000,15000,56.582959479127375,265.21166666666664
AO,300,1000,15076,12000,18000,58.0281085210303,258.7816666666667
AO,300,1000,15067,12000,18000,58.08863103224069,258.35
AO,300,1000,15088,12000,18000,56.57792904881991,265.455
AO,300,1000,15083,12000,21000,58.13788190830144,258.3666666666667
AO,300,1000,15079,12000,21000,59.09788591854945,254.16666666666666
AO,300,1000,15086,12000,21000,59.41565288740065,252.755
AO,300,1000,15046,15000,0,68.75523724511055,218.01833333333335
AO,300,1000,15047,15000,0,68.64875324090471,218.36666666666667
AO,300,1000,15047,15000,0,68.59507028335457,218.51666666666668
AO,300,1000,15047,15000,3000,68.16925451183167,219.85833333333332
AO,300,1000,15050,15000,3000,69.43440180660669,215.87333333333333
AO,300,1000,15051,15000,3000,69.29837040006878,216.28833333333333
AO,300,1000,15050,15000,6000,69.14822907249449,216.885
AO,300,1000,15052,15000,6000,68.41214178572841,219.195
AO,300,1000,15052,15000,6000,68.1462139130941,220.035
AO,300,1000,15055,15000,9000,68.43808437071488,219.09666666666666
AO,300,1000,15054,15000,9000,68.56126239227751,218.71833333333333
AO,300,1000,15048,15000,9000,69.18588743288217,216.7
AO,300,1000,15057,15000,12000,71.43458951738099,209.87833333333333
AO,300,1000,15056,15000,12000,68.56131273650361,218.68166666666667
AO,300,1000,15056,15000,12000,68.58756440407117,218.59833333333333
AO,300,1000,15055,15000,15000,69.24231055827916,216.58
AO,300,1000,15054,15000,15000,69.60843713841851,215.365
AO,300,1000,15058,15000,15000,68.6086652243379,218.49333333333334
AO,300,1000,15063,15000,18000,70.91768116194991,211.505
AO,300,1000,15054,15000,18000,70.10332052897749,213.915
AO,300,1000,15054,15000,18000,69.8945437539878,214.495
AO,300,1000,15071,15000,21000,70.67764543921493,212.31666666666666
AO,300,1000,15082,15000,21000,71.11691037884427,211.10666666666665
AO,300,1000,15067,15000,21000,69.60373086413641,215.62
AO,300,1000,15045,18000,0,82.05507616653117,182.56166666666667
AO,300,1000,15049,18000,0,81.32768580080783,184.22166666666666
AO,300,1000,15052,18000,0,82.28526711481192,182.13666666666666
AO,300,1000,15047,18000,3000,81.48918972533387,183.95
AO,300,1000,15044,18000,3000,81.106363366815,184.775
AO,300,1000,15052,18000,3000,81.17161775467613,184.63666666666666
AO,300,1000,15054,18000,6000,81.31320044939751,184.31333333333333
AO,300,1000,15054,18000,6000,83.48039215953645,179.52833333333334
AO,300,1000,15057,18000,6000,81.06009913297356,184.92
AO,300,1000,15049,18000,9000,83.07827715301147,180.43
AO,300,1000,15052,18000,9000,82.18114757229306,182.315
AO,300,1000,15054,18000,9000,82.29147063037342,182.06833333333333
AO,300,1000,15054,18000,12000,82.52331238672221,181.63166666666666
AO,300,1000,15054,18000,12000,81.78390547804392,183.265
AO,300,1000,15049,18000,12000,82.82242505364528,180.985
AO,300,1000,15054,18000,15000,83.15289810187149,180.31166666666667
AO,300,1000,15061,18000,15000,82.68331538680117,181.29166666666666
AO,300,1000,15057,18000,15000,82.30490776077687,182.11166666666668
AO,300,1000,15062,18000,18000,82.60688985216497,181.50333333333333
AO,300,1000,15053,18000,18000,83.9892960277772,178.42666666666668
AO,300,1000,15070,18000,18000,82.02084869593067,182.86833333333334
AO,300,1000,15061,18000,21000,82.97530011042757,180.61166666666668
AO,300,1000,15059,18000,21000,83.48833080904268,179.53333333333333
AO,300,1000,15062,18000,21000,83.89820690775804,178.73166666666665
AO,300,1000,15051,21000,0,94.73133183918978,158.16666666666666
AO,300,1000,15049,21000,0,94.75638334345062,158.1
AO,300,1000,15048,21000,0,94.40459363126782,158.68166666666667
AO,300,1000,15050,21000,3000,93.49386934955142,160.15833333333333
AO,300,1000,15047,21000,3000,94.08486876399795,159.145
AO,300,1000,15047,21000,3000,93.8794047836522,159.55333333333334
AO,300,1000,15046,21000,6000,94.3848897571157,158.69333333333333
AO,300,1000,15048,21000,6000,95.50712118451699,156.86333333333334
AO,300,1000,15049,21000,6000,93.73577431257864,159.76333333333332
AO,300,1000,15048,21000,9000,93.76346664501868,159.71333333333334
AO,300,1000,15046,21000,9000,95.87870804400704,156.23166666666665
AO,300,1000,15051,21000,9000,94.14402105894406,159.13333333333333
AO,300,1000,15054,21000,12000,94.3560904511862,158.80333333333334
AO,300,1000,15053,21000,12000,95.3931565885313,157.055
AO,300,1000,15052,21000,12000,94.03109921062938,159.28
AO,300,1000,15057,21000,15000,95.06126585954807,157.545
AO,300,1000,15061,21000,15000,96.41416184437666,155.375
AO,300,1000,15055,21000,15000,94.70922675178463,158.175
AO,300,1000,15062,21000,18000,96.59475316468341,155.145
AO,300,1000,15057,21000,18000,95.63208934219399,156.65333333333334
AO,300,1000,15056,21000,18000,96.38722859955149,155.415
AO,300,1000,15060,21000,21000,97.29753093889384,154.01166666666666
AO,300,1000,15066,21000,21000,95.86571374377993,156.32333333333332
AO,300,1000,15055,21000,21000,95.10128837828192,157.55166666666668
